method,n_clusters,silhouette_score,calinski_harabasz_index,davies_bouldin_index,pca_explained_variance
kmeans,5,0.11852270662631599,2268.6412285408796,1.6039665863324675,0.0
birch,5,0.29550660086834757,1826.1900802473945,1.0359285805962075,0.0
