method,n_clusters,silhouette_score,calinski_harabasz_index,davies_bouldin_index,pca_explained_variance
kmeans,4,0.1942246247843321,3210.757955183462,1.1830429735395183,0.8023877296906988
hierarchical,4,0.15108133547743577,2639.7169252506415,1.31986678416063,0.8023877296906988
dbscan,115,-0.4813553368578791,26.34077453945141,1.3918128293702172,0.8023877296906988
gmm,4,0.19740993097780596,1587.3910755905445,2.559807325050016,0.8023877296906988
birch,4,0.8094813585882973,2286.357277659272,0.2303118544379529,0.8023877296906988
