method,n_clusters,silhouette_score,calinski_harabasz_index,davies_bouldin_index,pca_explained_variance
kmeans,5,0.11508099506043074,2293.3584784078985,1.620176565184945,0.0
birch,5,0.049672333650905565,1842.0908379499003,1.3513440499124019,0.0
