method,n_clusters,silhouette_score,calinski_harabasz_index,davies_bouldin_index,pca_explained_variance
hierarchical,3,0.3641903680312101,16105.773049819152,1.8775552550383914,0.8459524157927993
kmeans,3,0.3429930617125306,18930.769121499212,1.5662422532794082,0.8459524157927993
gmm,3,0.07182823121370208,12247.821041018567,1.9660858660301337,0.8459524157927993
