method,n_clusters,silhouette_score,calinski_harabasz_index,davies_bouldin_index,pca_explained_variance
kmeans,5,0.20984153847298034,3440.2936916920007,1.352616376329396,0.8764340828382429
hierarchical,5,0.17639727643463876,2776.7091769171034,1.4490377078678087,0.8764340828382429
dbscan,88,-0.49759748195575565,26.159327388730365,1.495205436314101,0.8764340828382429
gmm,5,0.05543479025973082,1489.3333692468038,2.7886574847640295,0.8764340828382429
birch,5,0.2904052039777559,2224.8258150731886,1.015410818557786,0.8764340828382429
