cluster,size,pct_of_total,avg_elo,avg_games,pct_beginner,pct_intermediate,pct_advanced,pct_expert,elo_mean_mean,elo_std_mean,avg_time_opening_mean_mean,avg_time_opening_std_mean,avg_time_middlegame_mean_mean,avg_time_middlegame_std_mean,avg_time_endgame_mean_mean,avg_time_endgame_std_mean,time_variance_opening_mean_mean,time_variance_opening_std_mean
0,22670,99.75797579757976,1699.068456045453,15.189016321129246,11.120423467137186,27.260696956329948,39.63828848698721,21.980591089545655,1699.0213020104063,18.525546457664667,1.394340221751997,1.0112689573158713,3.292248186658319,1.6961075636547585,4.48935343548622,1.822625168904162,25.02259927609503,35.015992347966126
1,3,0.0132013201320132,1696.25,15.333333333333334,0.0,33.33333333333333,66.66666666666666,0.0,1695.7414021164022,5.033932911489086,3.1667989417989415,2.9932320419771834,10.571740362811793,7.14527700387714,13.05166906726572,6.363058173200501,80.7094708994709,188.92288715778037
2,51,0.22442244224422445,1814.753061551418,12.509803921568627,0.0,13.725490196078432,66.66666666666666,19.607843137254903,1815.0836783895902,17.053612115013784,37.28478819125491,25.43011547041551,5.198245438526288,2.848900891140935,7.645884646690304,3.521784367870712,8244.965851142733,5971.59851218713
3,1,0.0044004400440044,2118.8571428571427,7.0,0.0,0.0,0.0,100.0,2118.8571428571427,75.62501475796786,43.82857142857142,29.330400286262392,3.404761904761905,1.5607864753926808,8.613759687289098,4.429842888706274,10201.051428571429,6968.5803915083225
