cluster,size,pct_of_total,avg_elo,avg_games,pct_beginner,pct_intermediate,pct_advanced,pct_expert,elo_mean_mean,elo_std_mean,avg_time_opening_mean_mean,avg_time_opening_std_mean,avg_time_middlegame_mean_mean,avg_time_middlegame_std_mean,avg_time_endgame_mean_mean,avg_time_endgame_std_mean,time_variance_opening_mean_mean,time_variance_opening_std_mean
0,9425,41.47414741474147,1613.6793245746446,12.535596816976128,12.562334217506631,33.36870026525199,42.206896551724135,11.862068965517242,1613.7035593129692,15.149935414549548,1.2618262976250643,0.8564698635273436,3.140686483387981,1.5405146861588406,4.617669772397262,1.7351136058116108,13.918655299815752,18.346010557983572
1,10599,46.64026402640264,1833.6359548920293,18.606094914614587,5.745825077837532,19.888668742334183,39.75846777997924,34.607038399849046,1833.5264517056337,18.53988043915817,0.9877878214764237,0.7161596509031608,2.063979420071643,1.0696077321730468,2.917382976741994,1.11601246035264,19.455644890438993,21.009386438374122
2,83,0.36523652365236525,1773.9791769573842,12.602409638554217,1.2048192771084338,22.89156626506024,57.831325301204814,18.072289156626507,1774.1552265194014,29.241701067713375,28.732503993751614,24.790248433499247,5.923299278904367,4.296897332158133,7.361188514174806,3.6201580950389514,6146.204194292573,5762.312218656411
3,2615,11.507150715071507,1461.4446539687542,10.929254302103251,27.801147227533463,34.990439770554495,29.82791586998088,7.380497131931166,1461.3932119934163,30.28684595888894,3.3682492504298724,2.4976437200688344,8.769637978531692,4.7391792280282,10.369099004288538,4.982408987809361,57.525040499087986,88.51667324039748
4,3,0.0132013201320132,1696.25,15.333333333333334,0.0,33.33333333333333,66.66666666666666,0.0,1695.7414021164022,5.033932911489086,3.1667989417989415,2.9932320419771834,10.571740362811793,7.14527700387714,13.05166906726572,6.363058173200501,80.7094708994709,188.92288715778037
