cluster,size,pct_of_total,avg_elo,avg_games,pct_beginner,pct_intermediate,pct_advanced,pct_expert,elo_mean_mean,elo_std_mean,avg_time_opening_mean_mean,avg_time_opening_std_mean,avg_time_middlegame_mean_mean,avg_time_middlegame_std_mean,avg_time_endgame_mean_mean,avg_time_endgame_std_mean,time_variance_opening_mean_mean,time_variance_opening_std_mean
0,2456,10.807480748074807,1452.5092469985875,11.223127035830618,28.216612377850165,36.074918566775246,28.664495114006517,7.043973941368079,1452.4954065236177,29.495899442167318,3.3814988382205007,2.5069713530062807,8.931866123688359,4.829895140018436,10.538595109595583,5.0742024234248895,52.95315660103254,86.76833765113523
1,5855,25.764576457645767,1731.8683944099334,14.288129803586678,10.059777967549104,25.909479077711357,38.821520068317675,25.209222886421863,1731.7896031925036,19.689497823756376,1.217764807609067,0.859510001208063,2.5909538574765762,1.2908379222968551,3.612855881427132,1.3967312419102587,20.454258033201725,22.79098345222781
2,4628,20.365236523652367,1774.1135201383006,16.70592048401037,6.374243733794295,23.57389801210026,43.02074330164218,27.031114952463263,1774.1683524994037,15.385118754970462,0.9770415178767796,0.6976972674337796,2.468244450359357,1.2726464092573908,3.8169073248017487,1.4375221326411163,12.18775108582482,15.462020218726462
3,83,0.36523652365236525,1773.9791769573842,12.602409638554217,1.2048192771084338,22.89156626506024,57.831325301204814,18.072289156626507,1774.1552265194014,29.241701067713375,28.732503993751614,24.790248433499247,5.923299278904367,4.296897332158133,7.361188514174806,3.6201580950389514,6146.204194292573,5762.312218656411
4,9703,42.6974697469747,1705.9004544003078,16.020199938163454,9.718643718437596,27.568793156755646,41.286200144285274,21.42636298052149,1705.8152531423807,16.446590709258594,1.1566552531887029,0.8022907321481584,2.6705974188487054,1.3357411091649938,3.802751895956685,1.4363739523749006,18.741241913904,21.59384011111896
