cluster,size,pct_of_total,avg_elo,avg_games,pct_beginner,pct_intermediate,pct_advanced,pct_expert,elo_mean_mean,elo_std_mean,avg_time_opening_mean_mean,avg_time_opening_std_mean,avg_time_middlegame_mean_mean,avg_time_middlegame_std_mean,avg_time_endgame_mean_mean,avg_time_endgame_std_mean,time_variance_opening_mean_mean,time_variance_opening_std_mean
0,7,0.030803080308030802,1495.9936507936507,8.857142857142858,28.57142857142857,14.285714285714285,57.14285714285714,0.0,1495.100072150072,48.419333505821534,4.26031746031746,4.726621783641529,21.297817460317457,27.46564593651496,22.353174986221145,22.573798940035065,246.02450793650797,738.0605414633474
1,1197,5.267326732673268,1497.122233857283,10.799498746867167,25.062656641604008,33.24979114452798,32.581453634085214,9.10609857978279,1496.6222254431427,24.977831729716392,3.5140683335835186,2.5374337174269654,10.318767976977382,5.759032202795842,12.020886920143615,5.8852179483446925,42.75383949880829,67.67063669001662
2,21450,94.38943894389439,1710.4295478978202,15.43939393939394,10.344988344988346,26.913752913752916,40.02797202797203,22.713286713286713,1710.4088350033094,18.13145313412425,1.2636309929769844,0.9037208115198553,2.8935029197266298,1.4603387295726027,4.06245253712903,1.5890553869276278,21.44217780374967,27.717927943346865
3,71,0.3124312431243124,1780.2935203018467,12.140845070422536,0.0,22.535211267605636,59.154929577464785,18.30985915492958,1780.228878049498,25.03562795267249,31.31688980630604,25.42968068179888,5.188898346026643,3.0144094054822945,7.400234856521908,3.370011989771797,6836.134260740337,5988.474498731463
