{
  "model_type": "random_forest",
  "metrics": {
    "val_accuracy": 0.42448929961089493,
    "test_accuracy": 0.4267098996858851,
    "adjacent_accuracy": 0.5599148849934137,
    "macro_precision": 0.41952778313905015,
    "macro_recall": 0.4470685387456968,
    "macro_f1": 0.4251499050382104
  },
  "class_distribution": {
    "Advanced": 124261,
    "Intermediate": 95896,
    "Expert": 66666,
    "Beginner": 42138
  },
  "train_size": 230272,
  "val_size": 49344,
  "test_size": 49345
}