{
  "model_type": "xgboost",
  "metrics": {
    "val_accuracy": 0.4432481751824818,
    "test_accuracy": 0.44466747769667475,
    "adjacent_accuracy": 0.5533252230332523,
    "macro_precision": 0.4381016036857244,
    "macro_recall": 0.44163204224047203,
    "macro_f1": 0.436970840635447
  },
  "class_distribution": {
    "Advanced": 124206,
    "Intermediate": 95824,
    "Expert": 66643,
    "Beginner": 42126
  },
  "train_size": 230159,
  "val_size": 49320,
  "test_size": 49320
}