{
  "model_type": "ensemble_soft",
  "metrics": {
    "val_accuracy": 0.6564554692169755,
    "test_accuracy": 0.6564554692169755,
    "adjacent_accuracy": 0.8278541542139869,
    "macro_precision": 0.658355325085743,
    "macro_recall": 0.663233728036694,
    "macro_f1": 0.6606692940288431
  },
  "class_distribution": {
    "Intermediate": 20992,
    "Advanced": 11957,
    "Beginner": 11664
  },
  "train_size": 31229,
  "val_size": 6692,
  "test_size": 6692
}