{
  "model_type": "random_forest",
  "metrics": {
    "val_accuracy": 0.4236212489862125,
    "test_accuracy": 0.42587185725871857,
    "adjacent_accuracy": 0.5577453365774534,
    "macro_precision": 0.4183250211720326,
    "macro_recall": 0.44753065057270514,
    "macro_f1": 0.42680133972173645
  },
  "class_distribution": {
    "Advanced": 124206,
    "Intermediate": 95824,
    "Expert": 66643,
    "Beginner": 42126
  },
  "train_size": 230159,
  "val_size": 49320,
  "test_size": 49320
}