{
  "model_type": "random_forest",
  "metrics": {
    "val_accuracy": 0.4221613949716139,
    "test_accuracy": 0.4221411192214112,
    "adjacent_accuracy": 0.5577858880778589,
    "macro_precision": 0.41486761326681265,
    "macro_recall": 0.4469045600949864,
    "macro_f1": 0.42339157976900704
  },
  "class_distribution": {
    "Advanced": 124206,
    "Intermediate": 95824,
    "Expert": 66643,
    "Beginner": 42126
  },
  "train_size": 230159,
  "val_size": 49320,
  "test_size": 49320
}