{
  "model_type": "random_forest",
  "metrics": {
    "val_accuracy": 0.4215531224655312,
    "test_accuracy": 0.4223641524736415,
    "adjacent_accuracy": 0.5557583130575832,
    "macro_precision": 0.4149379504075888,
    "macro_recall": 0.4452006045514781,
    "macro_f1": 0.42360081550152057
  },
  "class_distribution": {
    "Advanced": 124206,
    "Intermediate": 95824,
    "Expert": 66643,
    "Beginner": 42126
  },
  "train_size": 230159,
  "val_size": 49320,
  "test_size": 49320
}