{
  "model_type": "xgboost",
  "metrics": {
    "val_accuracy": 0.6564554692169755,
    "test_accuracy": 0.6500298864315601,
    "adjacent_accuracy": 0.8236700537955768,
    "macro_precision": 0.651369729038829,
    "macro_recall": 0.6586865865283826,
    "macro_f1": 0.6547727931783148
  },
  "class_distribution": {
    "Intermediate": 20992,
    "Advanced": 11957,
    "Beginner": 11664
  },
  "train_size": 31229,
  "val_size": 6692,
  "test_size": 6692
}