{
  "model_type": "ensemble_soft",
  "metrics": {
    "val_accuracy": 0.4374087591240876,
    "test_accuracy": 0.43795620437956206,
    "adjacent_accuracy": 0.5560016220600162,
    "macro_precision": 0.42951111731068703,
    "macro_recall": 0.44805718090094293,
    "macro_f1": 0.43482423939853365
  },
  "class_distribution": {
    "Advanced": 124206,
    "Intermediate": 95824,
    "Expert": 66643,
    "Beginner": 42126
  },
  "train_size": 230159,
  "val_size": 49320,
  "test_size": 49320
}