{
  "model_type": "random_forest",
  "metrics": {
    "val_accuracy": 0.6410639569635386,
    "test_accuracy": 0.6434548714883442,
    "adjacent_accuracy": 0.8241183502689778,
    "macro_precision": 0.6446964599072394,
    "macro_recall": 0.6514353046387716,
    "macro_f1": 0.6477516491407188
  },
  "class_distribution": {
    "Intermediate": 20992,
    "Advanced": 11957,
    "Beginner": 11664
  },
  "train_size": 31229,
  "val_size": 6692,
  "test_size": 6692
}