{
  "model_type": "ensemble_soft",
  "metrics": {
    "val_accuracy": 0.43596918085969183,
    "test_accuracy": 0.44028791565287917,
    "adjacent_accuracy": 0.556609894566099,
    "macro_precision": 0.43207410538867197,
    "macro_recall": 0.44815532906126554,
    "macro_f1": 0.4368949724812448
  },
  "class_distribution": {
    "Advanced": 124206,
    "Intermediate": 95824,
    "Expert": 66643,
    "Beginner": 42126
  },
  "train_size": 230159,
  "val_size": 49320,
  "test_size": 49320
}