{
  "model_type": "xgboost",
  "metrics": {
    "val_accuracy": 0.44253852392538523,
    "test_accuracy": 0.4458840227088402,
    "adjacent_accuracy": 0.5530819140308192,
    "macro_precision": 0.438727404087048,
    "macro_recall": 0.4415822976690173,
    "macro_f1": 0.43745724051457635
  },
  "class_distribution": {
    "Advanced": 124206,
    "Intermediate": 95824,
    "Expert": 66643,
    "Beginner": 42126
  },
  "train_size": 230159,
  "val_size": 49320,
  "test_size": 49320
}