{
  "model_type": "random_forest",
  "metrics": {
    "val_accuracy": 0.4253202010376135,
    "test_accuracy": 0.4260614043976087,
    "adjacent_accuracy": 0.5561657716080657,
    "macro_precision": 0.4188415290300825,
    "macro_recall": 0.44575485337530557,
    "macro_f1": 0.42476749165844135
  },
  "class_distribution": {
    "Advanced": 124261,
    "Intermediate": 95896,
    "Expert": 66666,
    "Beginner": 42138
  },
  "train_size": 230272,
  "val_size": 49344,
  "test_size": 49345
}