{
  "model_type": "xgboost",
  "metrics": {
    "val_accuracy": 0.4414233576642336,
    "test_accuracy": 0.4445458231954582,
    "adjacent_accuracy": 0.5535482562854825,
    "macro_precision": 0.4369501022203415,
    "macro_recall": 0.4424472818834379,
    "macro_f1": 0.43652808232384677
  },
  "class_distribution": {
    "Advanced": 124206,
    "Intermediate": 95824,
    "Expert": 66643,
    "Beginner": 42126
  },
  "train_size": 230159,
  "val_size": 49320,
  "test_size": 49320
}