{
  "model_type": "ensemble_soft",
  "metrics": {
    "val_accuracy": 0.6592946802151823,
    "test_accuracy": 0.6576509264793784,
    "adjacent_accuracy": 0.8286013150029886,
    "macro_precision": 0.6593076864424524,
    "macro_recall": 0.6649085104046792,
    "macro_f1": 0.6619440930833957
  },
  "class_distribution": {
    "Intermediate": 20992,
    "Advanced": 11957,
    "Beginner": 11664
  },
  "train_size": 31229,
  "val_size": 6692,
  "test_size": 6692
}